{
  "n_queries": 300,
  "total_time_s": 22.559815415996127,
  "mean_ms": 75.1136519323336,
  "p50_ms": 69.18202101951465,
  "p95_ms": 76.52595598774496,
  "p99_ms": 88.34869933896695
}