{
  "n_queries": 300,
  "total_time_s": 22.722834249958396,
  "mean_ms": 75.65020816691685,
  "p50_ms": 66.41370849683881,
  "p95_ms": 77.80235557875132,
  "p99_ms": 95.93420062854418
}