{
  "n_queries": 300,
  "total_time_s": 24.439244833018165,
  "mean_ms": 81.38814802475584,
  "p50_ms": 63.10766653041355,
  "p95_ms": 188.0401145084761,
  "p99_ms": 303.49618003005116
}